tool,provider,algorithm_id,display_name,group,location
GRASS,GRASS,d.barscale,ERROR: No active GRASS session: GISRC environment variable not set,Display,/opt/grass/grass84/bin
GRASS,GRASS,d.colorlist,ERROR: No active GRASS session: GISRC environment variable not set,Display,/opt/grass/grass84/bin
GRASS,GRASS,d.colortable,ERROR: No active GRASS session: GISRC environment variable not set,Display,/opt/grass/grass84/bin
GRASS,GRASS,d.erase,ERROR: No active GRASS session: GISRC environment variable not set,Display,/opt/grass/grass84/bin
GRASS,GRASS,d.font,ERROR: No active GRASS session: GISRC environment variable not set,Display,/opt/grass/grass84/bin
GRASS,GRASS,d.fontlist,ERROR: No active GRASS session: GISRC environment variable not set,Display,/opt/grass/grass84/bin
GRASS,GRASS,d.geodesic,ERROR: No active GRASS session: GISRC environment variable not set,Display,/opt/grass/grass84/bin
GRASS,GRASS,d.graph,ERROR: No active GRASS session: GISRC environment variable not set,Display,/opt/grass/grass84/bin
GRASS,GRASS,d.grid,ERROR: No active GRASS session: GISRC environment variable not set,Display,/opt/grass/grass84/bin
GRASS,GRASS,d.his,ERROR: No active GRASS session: GISRC environment variable not set,Display,/opt/grass/grass84/bin
GRASS,GRASS,d.histogram,ERROR: No active GRASS session: GISRC environment variable not set,Display,/opt/grass/grass84/bin
GRASS,GRASS,d.info,ERROR: No active GRASS session: GISRC environment variable not set,Display,/opt/grass/grass84/bin
GRASS,GRASS,d.labels,ERROR: No active GRASS session: GISRC environment variable not set,Display,/opt/grass/grass84/bin
GRASS,GRASS,d.legend,ERROR: No active GRASS session: GISRC environment variable not set,Display,/opt/grass/grass84/bin
GRASS,GRASS,d.legend.vect,ERROR: No active GRASS session: GISRC environment variable not set,Display,/opt/grass/grass84/bin
GRASS,GRASS,d.linegraph,ERROR: No active GRASS session: GISRC environment variable not set,Display,/opt/grass/grass84/bin
GRASS,GRASS,d.mon,ERROR: No active GRASS session: GISRC environment variable not set,Display,/opt/grass/grass84/bin
GRASS,GRASS,d.northarrow,ERROR: No active GRASS session: GISRC environment variable not set,Display,/opt/grass/grass84/bin
GRASS,GRASS,d.path,ERROR: No active GRASS session: GISRC environment variable not set,Display,/opt/grass/grass84/bin
GRASS,GRASS,d.profile,ERROR: No active GRASS session: GISRC environment variable not set,Display,/opt/grass/grass84/bin
GRASS,GRASS,d.rast,ERROR: No active GRASS session: GISRC environment variable not set,Display,/opt/grass/grass84/bin
GRASS,GRASS,d.rast.arrow,ERROR: No active GRASS session: GISRC environment variable not set,Display,/opt/grass/grass84/bin
GRASS,GRASS,d.rast.num,ERROR: No active GRASS session: GISRC environment variable not set,Display,/opt/grass/grass84/bin
GRASS,GRASS,d.redraw,ERROR: No active GRASS session: GISRC environment variable not set,Display,/opt/grass/grass84/bin
GRASS,GRASS,d.rgb,ERROR: No active GRASS session: GISRC environment variable not set,Display,/opt/grass/grass84/bin
GRASS,GRASS,d.rhumbline,ERROR: No active GRASS session: GISRC environment variable not set,Display,/opt/grass/grass84/bin
GRASS,GRASS,d.text,ERROR: No active GRASS session: GISRC environment variable not set,Display,/opt/grass/grass84/bin
GRASS,GRASS,d.title,ERROR: No active GRASS session: GISRC environment variable not set,Display,/opt/grass/grass84/bin
GRASS,GRASS,d.vect,ERROR: No active GRASS session: GISRC environment variable not set,Display,/opt/grass/grass84/bin
GRASS,GRASS,d.vect.chart,ERROR: No active GRASS session: GISRC environment variable not set,Display,/opt/grass/grass84/bin
GRASS,GRASS,d.vect.thematic,ERROR: No active GRASS session: GISRC environment variable not set,Display,/opt/grass/grass84/bin
GRASS,GRASS,d.where,ERROR: No active GRASS session: GISRC environment variable not set,Display,/opt/grass/grass84/bin
GRASS,GRASS,db.columns,ERROR: No active GRASS session: GISRC environment variable not set,Database,/opt/grass/grass84/bin
GRASS,GRASS,db.connect,ERROR: No active GRASS session: GISRC environment variable not set,Database,/opt/grass/grass84/bin
GRASS,GRASS,db.copy,ERROR: No active GRASS session: GISRC environment variable not set,Database,/opt/grass/grass84/bin
GRASS,GRASS,db.createdb,ERROR: No active GRASS session: GISRC environment variable not set,Database,/opt/grass/grass84/bin
GRASS,GRASS,db.databases,ERROR: No active GRASS session: GISRC environment variable not set,Database,/opt/grass/grass84/bin
GRASS,GRASS,db.describe,ERROR: No active GRASS session: GISRC environment variable not set,Database,/opt/grass/grass84/bin
GRASS,GRASS,db.drivers,ERROR: No active GRASS session: GISRC environment variable not set,Database,/opt/grass/grass84/bin
GRASS,GRASS,db.dropdb,ERROR: No active GRASS session: GISRC environment variable not set,Database,/opt/grass/grass84/bin
GRASS,GRASS,db.execute,ERROR: No active GRASS session: GISRC environment variable not set,Database,/opt/grass/grass84/bin
GRASS,GRASS,db.login,ERROR: No active GRASS session: GISRC environment variable not set,Database,/opt/grass/grass84/bin
GRASS,GRASS,db.select,ERROR: No active GRASS session: GISRC environment variable not set,Database,/opt/grass/grass84/bin
GRASS,GRASS,db.tables,ERROR: No active GRASS session: GISRC environment variable not set,Database,/opt/grass/grass84/bin
GRASS,GRASS,g.access,ERROR: No active GRASS session: GISRC environment variable not set,General,/opt/grass/grass84/bin
GRASS,GRASS,g.cairocomp,ERROR: No active GRASS session: GISRC environment variable not set,General,/opt/grass/grass84/bin
GRASS,GRASS,g.copy,ERROR: No active GRASS session: GISRC environment variable not set,General,/opt/grass/grass84/bin
GRASS,GRASS,g.dirseps,ERROR: No active GRASS session: GISRC environment variable not set,General,/opt/grass/grass84/bin
GRASS,GRASS,g.filename,ERROR: No active GRASS session: GISRC environment variable not set,General,/opt/grass/grass84/bin
GRASS,GRASS,g.findetc,ERROR: No active GRASS session: GISRC environment variable not set,General,/opt/grass/grass84/bin
GRASS,GRASS,g.findfile,ERROR: No active GRASS session: GISRC environment variable not set,General,/opt/grass/grass84/bin
GRASS,GRASS,g.gisenv,ERROR: No active GRASS session: GISRC environment variable not set,General,/opt/grass/grass84/bin
GRASS,GRASS,g.gui,ERROR: No active GRASS session: GISRC environment variable not set,General,/opt/grass/grass84/bin
GRASS,GRASS,g.list,ERROR: No active GRASS session: GISRC environment variable not set,General,/opt/grass/grass84/bin
GRASS,GRASS,g.mapset,ERROR: No active GRASS session: GISRC environment variable not set,General,/opt/grass/grass84/bin
GRASS,GRASS,g.mapsets,ERROR: No active GRASS session: GISRC environment variable not set,General,/opt/grass/grass84/bin
GRASS,GRASS,g.message,ERROR: No active GRASS session: GISRC environment variable not set,General,/opt/grass/grass84/bin
GRASS,GRASS,g.mkfontcap,ERROR: No active GRASS session: GISRC environment variable not set,General,/opt/grass/grass84/bin
GRASS,GRASS,g.parser,g.parser,General,/opt/grass/grass84/bin
GRASS,GRASS,g.pnmcomp,ERROR: No active GRASS session: GISRC environment variable not set,General,/opt/grass/grass84/bin
GRASS,GRASS,g.ppmtopng,ERROR: No active GRASS session: GISRC environment variable not set,General,/opt/grass/grass84/bin
GRASS,GRASS,g.proj,ERROR: No active GRASS session: GISRC environment variable not set,General,/opt/grass/grass84/bin
GRASS,GRASS,g.region,ERROR: No active GRASS session: GISRC environment variable not set,General,/opt/grass/grass84/bin
GRASS,GRASS,g.remove,ERROR: No active GRASS session: GISRC environment variable not set,General,/opt/grass/grass84/bin
GRASS,GRASS,g.rename,ERROR: No active GRASS session: GISRC environment variable not set,General,/opt/grass/grass84/bin
GRASS,GRASS,g.tempfile,ERROR: No active GRASS session: GISRC environment variable not set,General,/opt/grass/grass84/bin
GRASS,GRASS,g.version,ERROR: No active GRASS session: GISRC environment variable not set,General,/opt/grass/grass84/bin
GRASS,GRASS,i.albedo,ERROR: No active GRASS session: GISRC environment variable not set,Imagery,/opt/grass/grass84/bin
GRASS,GRASS,i.aster.toar,ERROR: No active GRASS session: GISRC environment variable not set,Imagery,/opt/grass/grass84/bin
GRASS,GRASS,i.atcorr,ERROR: No active GRASS session: GISRC environment variable not set,Imagery,/opt/grass/grass84/bin
GRASS,GRASS,i.biomass,ERROR: No active GRASS session: GISRC environment variable not set,Imagery,/opt/grass/grass84/bin
GRASS,GRASS,i.cca,ERROR: No active GRASS session: GISRC environment variable not set,Imagery,/opt/grass/grass84/bin
GRASS,GRASS,i.cluster,ERROR: No active GRASS session: GISRC environment variable not set,Imagery,/opt/grass/grass84/bin
GRASS,GRASS,i.eb.eta,ERROR: No active GRASS session: GISRC environment variable not set,Imagery,/opt/grass/grass84/bin
GRASS,GRASS,i.eb.evapfr,ERROR: No active GRASS session: GISRC environment variable not set,Imagery,/opt/grass/grass84/bin
GRASS,GRASS,i.eb.hsebal01,ERROR: No active GRASS session: GISRC environment variable not set,Imagery,/opt/grass/grass84/bin
GRASS,GRASS,i.eb.netrad,ERROR: No active GRASS session: GISRC environment variable not set,Imagery,/opt/grass/grass84/bin
GRASS,GRASS,i.eb.soilheatflux,ERROR: No active GRASS session: GISRC environment variable not set,Imagery,/opt/grass/grass84/bin
GRASS,GRASS,i.emissivity,ERROR: No active GRASS session: GISRC environment variable not set,Imagery,/opt/grass/grass84/bin
GRASS,GRASS,i.evapo.mh,ERROR: No active GRASS session: GISRC environment variable not set,Imagery,/opt/grass/grass84/bin
GRASS,GRASS,i.evapo.pm,ERROR: No active GRASS session: GISRC environment variable not set,Imagery,/opt/grass/grass84/bin
GRASS,GRASS,i.evapo.pt,ERROR: No active GRASS session: GISRC environment variable not set,Imagery,/opt/grass/grass84/bin
GRASS,GRASS,i.evapo.time,ERROR: No active GRASS session: GISRC environment variable not set,Imagery,/opt/grass/grass84/bin
GRASS,GRASS,i.fft,ERROR: No active GRASS session: GISRC environment variable not set,Imagery,/opt/grass/grass84/bin
GRASS,GRASS,i.gensig,ERROR: No active GRASS session: GISRC environment variable not set,Imagery,/opt/grass/grass84/bin
GRASS,GRASS,i.gensigset,ERROR: No active GRASS session: GISRC environment variable not set,Imagery,/opt/grass/grass84/bin
GRASS,GRASS,i.group,ERROR: No active GRASS session: GISRC environment variable not set,Imagery,/opt/grass/grass84/bin
GRASS,GRASS,i.his.rgb,ERROR: No active GRASS session: GISRC environment variable not set,Imagery,/opt/grass/grass84/bin
GRASS,GRASS,i.ifft,ERROR: No active GRASS session: GISRC environment variable not set,Imagery,/opt/grass/grass84/bin
GRASS,GRASS,i.landsat.acca,ERROR: No active GRASS session: GISRC environment variable not set,Imagery,/opt/grass/grass84/bin
GRASS,GRASS,i.landsat.toar,ERROR: No active GRASS session: GISRC environment variable not set,Imagery,/opt/grass/grass84/bin
GRASS,GRASS,i.maxlik,ERROR: No active GRASS session: GISRC environment variable not set,Imagery,/opt/grass/grass84/bin
GRASS,GRASS,i.modis.qc,ERROR: No active GRASS session: GISRC environment variable not set,Imagery,/opt/grass/grass84/bin
GRASS,GRASS,i.ortho.camera,ERROR: No active GRASS session: GISRC environment variable not set,Imagery,/opt/grass/grass84/bin
GRASS,GRASS,i.ortho.elev,ERROR: No active GRASS session: GISRC environment variable not set,Imagery,/opt/grass/grass84/bin
GRASS,GRASS,i.ortho.init,ERROR: No active GRASS session: GISRC environment variable not set,Imagery,/opt/grass/grass84/bin
GRASS,GRASS,i.ortho.photo,ERROR: No active GRASS session: GISRC environment variable not set,Imagery,/opt/grass/grass84/bin
GRASS,GRASS,i.ortho.rectify,ERROR: No active GRASS session: GISRC environment variable not set,Imagery,/opt/grass/grass84/bin
GRASS,GRASS,i.ortho.target,ERROR: No active GRASS session: GISRC environment variable not set,Imagery,/opt/grass/grass84/bin
GRASS,GRASS,i.ortho.transform,ERROR: No active GRASS session: GISRC environment variable not set,Imagery,/opt/grass/grass84/bin
GRASS,GRASS,i.pca,ERROR: No active GRASS session: GISRC environment variable not set,Imagery,/opt/grass/grass84/bin
GRASS,GRASS,i.rectify,ERROR: No active GRASS session: GISRC environment variable not set,Imagery,/opt/grass/grass84/bin
GRASS,GRASS,i.rgb.his,ERROR: No active GRASS session: GISRC environment variable not set,Imagery,/opt/grass/grass84/bin
GRASS,GRASS,i.segment,ERROR: No active GRASS session: GISRC environment variable not set,Imagery,/opt/grass/grass84/bin
GRASS,GRASS,i.signatures,ERROR: No active GRASS session: GISRC environment variable not set,Imagery,/opt/grass/grass84/bin
GRASS,GRASS,i.smap,ERROR: No active GRASS session: GISRC environment variable not set,Imagery,/opt/grass/grass84/bin
GRASS,GRASS,i.target,ERROR: No active GRASS session: GISRC environment variable not set,Imagery,/opt/grass/grass84/bin
GRASS,GRASS,i.topo.corr,ERROR: No active GRASS session: GISRC environment variable not set,Imagery,/opt/grass/grass84/bin
GRASS,GRASS,i.vi,ERROR: No active GRASS session: GISRC environment variable not set,Imagery,/opt/grass/grass84/bin
GRASS,GRASS,i.zc,ERROR: No active GRASS session: GISRC environment variable not set,Imagery,/opt/grass/grass84/bin
GRASS,GRASS,ps.map,ERROR: No active GRASS session: GISRC environment variable not set,PostScript,/opt/grass/grass84/bin
GRASS,GRASS,r.basins.fill,ERROR: No active GRASS session: GISRC environment variable not set,Raster,/opt/grass/grass84/bin
GRASS,GRASS,r.buffer,ERROR: No active GRASS session: GISRC environment variable not set,Raster,/opt/grass/grass84/bin
GRASS,GRASS,r.buildvrt,ERROR: No active GRASS session: GISRC environment variable not set,Raster,/opt/grass/grass84/bin
GRASS,GRASS,r.carve,ERROR: No active GRASS session: GISRC environment variable not set,Raster,/opt/grass/grass84/bin
GRASS,GRASS,r.category,ERROR: No active GRASS session: GISRC environment variable not set,Raster,/opt/grass/grass84/bin
GRASS,GRASS,r.circle,ERROR: No active GRASS session: GISRC environment variable not set,Raster,/opt/grass/grass84/bin
GRASS,GRASS,r.clump,ERROR: No active GRASS session: GISRC environment variable not set,Raster,/opt/grass/grass84/bin
GRASS,GRASS,r.coin,ERROR: No active GRASS session: GISRC environment variable not set,Raster,/opt/grass/grass84/bin
GRASS,GRASS,r.colors,ERROR: No active GRASS session: GISRC environment variable not set,Raster,/opt/grass/grass84/bin
GRASS,GRASS,r.colors.out,ERROR: No active GRASS session: GISRC environment variable not set,Raster,/opt/grass/grass84/bin
GRASS,GRASS,r.composite,ERROR: No active GRASS session: GISRC environment variable not set,Raster,/opt/grass/grass84/bin
GRASS,GRASS,r.compress,ERROR: No active GRASS session: GISRC environment variable not set,Raster,/opt/grass/grass84/bin
GRASS,GRASS,r.contour,ERROR: No active GRASS session: GISRC environment variable not set,Raster,/opt/grass/grass84/bin
GRASS,GRASS,r.cost,ERROR: No active GRASS session: GISRC environment variable not set,Raster,/opt/grass/grass84/bin
GRASS,GRASS,r.covar,ERROR: No active GRASS session: GISRC environment variable not set,Raster,/opt/grass/grass84/bin
GRASS,GRASS,r.cross,ERROR: No active GRASS session: GISRC environment variable not set,Raster,/opt/grass/grass84/bin
GRASS,GRASS,r.describe,ERROR: No active GRASS session: GISRC environment variable not set,Raster,/opt/grass/grass84/bin
GRASS,GRASS,r.distance,ERROR: No active GRASS session: GISRC environment variable not set,Raster,/opt/grass/grass84/bin
GRASS,GRASS,r.external,ERROR: No active GRASS session: GISRC environment variable not set,Raster,/opt/grass/grass84/bin
GRASS,GRASS,r.external.out,ERROR: No active GRASS session: GISRC environment variable not set,Raster,/opt/grass/grass84/bin
GRASS,GRASS,r.fill.dir,ERROR: No active GRASS session: GISRC environment variable not set,Raster,/opt/grass/grass84/bin
GRASS,GRASS,r.fill.stats,ERROR: No active GRASS session: GISRC environment variable not set,Raster,/opt/grass/grass84/bin
GRASS,GRASS,r.flow,ERROR: No active GRASS session: GISRC environment variable not set,Raster,/opt/grass/grass84/bin
GRASS,GRASS,r.geomorphon,ERROR: No active GRASS session: GISRC environment variable not set,Raster,/opt/grass/grass84/bin
GRASS,GRASS,r.grow.distance,ERROR: No active GRASS session: GISRC environment variable not set,Raster,/opt/grass/grass84/bin
GRASS,GRASS,r.gwflow,ERROR: No active GRASS session: GISRC environment variable not set,Raster,/opt/grass/grass84/bin
GRASS,GRASS,r.his,ERROR: No active GRASS session: GISRC environment variable not set,Raster,/opt/grass/grass84/bin
GRASS,GRASS,r.horizon,ERROR: No active GRASS session: GISRC environment variable not set,Raster,/opt/grass/grass84/bin
GRASS,GRASS,r.in.ascii,ERROR: No active GRASS session: GISRC environment variable not set,Raster,/opt/grass/grass84/bin
GRASS,GRASS,r.in.bin,ERROR: No active GRASS session: GISRC environment variable not set,Raster,/opt/grass/grass84/bin
GRASS,GRASS,r.in.gdal,ERROR: No active GRASS session: GISRC environment variable not set,Raster,/opt/grass/grass84/bin
GRASS,GRASS,r.in.gridatb,ERROR: No active GRASS session: GISRC environment variable not set,Raster,/opt/grass/grass84/bin
GRASS,GRASS,r.in.mat,ERROR: No active GRASS session: GISRC environment variable not set,Raster,/opt/grass/grass84/bin
GRASS,GRASS,r.in.png,ERROR: No active GRASS session: GISRC environment variable not set,Raster,/opt/grass/grass84/bin
GRASS,GRASS,r.in.poly,ERROR: No active GRASS session: GISRC environment variable not set,Raster,/opt/grass/grass84/bin
GRASS,GRASS,r.in.xyz,ERROR: No active GRASS session: GISRC environment variable not set,Raster,/opt/grass/grass84/bin
GRASS,GRASS,r.info,ERROR: No active GRASS session: GISRC environment variable not set,Raster,/opt/grass/grass84/bin
GRASS,GRASS,r.kappa,ERROR: No active GRASS session: GISRC environment variable not set,Raster,/opt/grass/grass84/bin
GRASS,GRASS,r.lake,ERROR: No active GRASS session: GISRC environment variable not set,Raster,/opt/grass/grass84/bin
GRASS,GRASS,r.latlong,ERROR: No active GRASS session: GISRC environment variable not set,Raster,/opt/grass/grass84/bin
GRASS,GRASS,r.li.cwed,ERROR: No active GRASS session: GISRC environment variable not set,Raster,/opt/grass/grass84/bin
GRASS,GRASS,r.li.dominance,ERROR: No active GRASS session: GISRC environment variable not set,Raster,/opt/grass/grass84/bin
GRASS,GRASS,r.li.edgedensity,ERROR: No active GRASS session: GISRC environment variable not set,Raster,/opt/grass/grass84/bin
GRASS,GRASS,r.li.mpa,ERROR: No active GRASS session: GISRC environment variable not set,Raster,/opt/grass/grass84/bin
GRASS,GRASS,r.li.mps,ERROR: No active GRASS session: GISRC environment variable not set,Raster,/opt/grass/grass84/bin
GRASS,GRASS,r.li.padcv,ERROR: No active GRASS session: GISRC environment variable not set,Raster,/opt/grass/grass84/bin
GRASS,GRASS,r.li.padrange,ERROR: No active GRASS session: GISRC environment variable not set,Raster,/opt/grass/grass84/bin
GRASS,GRASS,r.li.padsd,ERROR: No active GRASS session: GISRC environment variable not set,Raster,/opt/grass/grass84/bin
GRASS,GRASS,r.li.patchdensity,ERROR: No active GRASS session: GISRC environment variable not set,Raster,/opt/grass/grass84/bin
GRASS,GRASS,r.li.patchnum,ERROR: No active GRASS session: GISRC environment variable not set,Raster,/opt/grass/grass84/bin
GRASS,GRASS,r.li.pielou,ERROR: No active GRASS session: GISRC environment variable not set,Raster,/opt/grass/grass84/bin
GRASS,GRASS,r.li.renyi,ERROR: No active GRASS session: GISRC environment variable not set,Raster,/opt/grass/grass84/bin
GRASS,GRASS,r.li.richness,ERROR: No active GRASS session: GISRC environment variable not set,Raster,/opt/grass/grass84/bin
GRASS,GRASS,r.li.shannon,ERROR: No active GRASS session: GISRC environment variable not set,Raster,/opt/grass/grass84/bin
GRASS,GRASS,r.li.shape,ERROR: No active GRASS session: GISRC environment variable not set,Raster,/opt/grass/grass84/bin
GRASS,GRASS,r.li.simpson,ERROR: No active GRASS session: GISRC environment variable not set,Raster,/opt/grass/grass84/bin
GRASS,GRASS,r.mapcalc,ERROR: No active GRASS session: GISRC environment variable not set,Raster,/opt/grass/grass84/bin
GRASS,GRASS,r.mfilter,ERROR: No active GRASS session: GISRC environment variable not set,Raster,/opt/grass/grass84/bin
GRASS,GRASS,r.mode,ERROR: No active GRASS session: GISRC environment variable not set,Raster,/opt/grass/grass84/bin
GRASS,GRASS,r.neighbors,ERROR: No active GRASS session: GISRC environment variable not set,Raster,/opt/grass/grass84/bin
GRASS,GRASS,r.null,ERROR: No active GRASS session: GISRC environment variable not set,Raster,/opt/grass/grass84/bin
GRASS,GRASS,r.object.geometry,ERROR: No active GRASS session: GISRC environment variable not set,Raster,/opt/grass/grass84/bin
GRASS,GRASS,r.out.ascii,ERROR: No active GRASS session: GISRC environment variable not set,Raster,/opt/grass/grass84/bin
GRASS,GRASS,r.out.bin,ERROR: No active GRASS session: GISRC environment variable not set,Raster,/opt/grass/grass84/bin
GRASS,GRASS,r.out.gdal,ERROR: No active GRASS session: GISRC environment variable not set,Raster,/opt/grass/grass84/bin
GRASS,GRASS,r.out.gridatb,ERROR: No active GRASS session: GISRC environment variable not set,Raster,/opt/grass/grass84/bin
GRASS,GRASS,r.out.mat,ERROR: No active GRASS session: GISRC environment variable not set,Raster,/opt/grass/grass84/bin
GRASS,GRASS,r.out.mpeg,ERROR: No active GRASS session: GISRC environment variable not set,Raster,/opt/grass/grass84/bin
GRASS,GRASS,r.out.png,ERROR: No active GRASS session: GISRC environment variable not set,Raster,/opt/grass/grass84/bin
GRASS,GRASS,r.out.pov,ERROR: No active GRASS session: GISRC environment variable not set,Raster,/opt/grass/grass84/bin
GRASS,GRASS,r.out.ppm,ERROR: No active GRASS session: GISRC environment variable not set,Raster,/opt/grass/grass84/bin
GRASS,GRASS,r.out.ppm3,ERROR: No active GRASS session: GISRC environment variable not set,Raster,/opt/grass/grass84/bin
GRASS,GRASS,r.out.vrml,ERROR: No active GRASS session: GISRC environment variable not set,Raster,/opt/grass/grass84/bin
GRASS,GRASS,r.out.vtk,ERROR: No active GRASS session: GISRC environment variable not set,Raster,/opt/grass/grass84/bin
GRASS,GRASS,r.param.scale,ERROR: No active GRASS session: GISRC environment variable not set,Raster,/opt/grass/grass84/bin
GRASS,GRASS,r.patch,ERROR: No active GRASS session: GISRC environment variable not set,Raster,/opt/grass/grass84/bin
GRASS,GRASS,r.path,ERROR: No active GRASS session: GISRC environment variable not set,Raster,/opt/grass/grass84/bin
GRASS,GRASS,r.profile,ERROR: No active GRASS session: GISRC environment variable not set,Raster,/opt/grass/grass84/bin
GRASS,GRASS,r.proj,ERROR: No active GRASS session: GISRC environment variable not set,Raster,/opt/grass/grass84/bin
GRASS,GRASS,r.quant,ERROR: No active GRASS session: GISRC environment variable not set,Raster,/opt/grass/grass84/bin
GRASS,GRASS,r.quantile,ERROR: No active GRASS session: GISRC environment variable not set,Raster,/opt/grass/grass84/bin
GRASS,GRASS,r.random,ERROR: No active GRASS session: GISRC environment variable not set,Raster,/opt/grass/grass84/bin
GRASS,GRASS,r.random.cells,ERROR: No active GRASS session: GISRC environment variable not set,Raster,/opt/grass/grass84/bin
GRASS,GRASS,r.random.surface,ERROR: No active GRASS session: GISRC environment variable not set,Raster,/opt/grass/grass84/bin
GRASS,GRASS,r.reclass,ERROR: No active GRASS session: GISRC environment variable not set,Raster,/opt/grass/grass84/bin
GRASS,GRASS,r.recode,ERROR: No active GRASS session: GISRC environment variable not set,Raster,/opt/grass/grass84/bin
GRASS,GRASS,r.region,ERROR: No active GRASS session: GISRC environment variable not set,Raster,/opt/grass/grass84/bin
GRASS,GRASS,r.regression.line,ERROR: No active GRASS session: GISRC environment variable not set,Raster,/opt/grass/grass84/bin
GRASS,GRASS,r.regression.multi,ERROR: No active GRASS session: GISRC environment variable not set,Raster,/opt/grass/grass84/bin
GRASS,GRASS,r.relief,ERROR: No active GRASS session: GISRC environment variable not set,Raster,/opt/grass/grass84/bin
GRASS,GRASS,r.report,ERROR: No active GRASS session: GISRC environment variable not set,Raster,/opt/grass/grass84/bin
GRASS,GRASS,r.resamp.bspline,ERROR: No active GRASS session: GISRC environment variable not set,Raster,/opt/grass/grass84/bin
GRASS,GRASS,r.resamp.filter,ERROR: No active GRASS session: GISRC environment variable not set,Raster,/opt/grass/grass84/bin
GRASS,GRASS,r.resamp.interp,ERROR: No active GRASS session: GISRC environment variable not set,Raster,/opt/grass/grass84/bin
GRASS,GRASS,r.resamp.rst,ERROR: No active GRASS session: GISRC environment variable not set,Raster,/opt/grass/grass84/bin
GRASS,GRASS,r.resamp.stats,ERROR: No active GRASS session: GISRC environment variable not set,Raster,/opt/grass/grass84/bin
GRASS,GRASS,r.resample,ERROR: No active GRASS session: GISRC environment variable not set,Raster,/opt/grass/grass84/bin
GRASS,GRASS,r.rescale,ERROR: No active GRASS session: GISRC environment variable not set,Raster,/opt/grass/grass84/bin
GRASS,GRASS,r.rescale.eq,ERROR: No active GRASS session: GISRC environment variable not set,Raster,/opt/grass/grass84/bin
GRASS,GRASS,r.ros,ERROR: No active GRASS session: GISRC environment variable not set,Raster,/opt/grass/grass84/bin
GRASS,GRASS,r.series,ERROR: No active GRASS session: GISRC environment variable not set,Raster,/opt/grass/grass84/bin
GRASS,GRASS,r.series.accumulate,ERROR: No active GRASS session: GISRC environment variable not set,Raster,/opt/grass/grass84/bin
GRASS,GRASS,r.series.interp,ERROR: No active GRASS session: GISRC environment variable not set,Raster,/opt/grass/grass84/bin
GRASS,GRASS,r.sim.sediment,ERROR: No active GRASS session: GISRC environment variable not set,Raster,/opt/grass/grass84/bin
GRASS,GRASS,r.sim.water,ERROR: No active GRASS session: GISRC environment variable not set,Raster,/opt/grass/grass84/bin
GRASS,GRASS,r.slope.aspect,ERROR: No active GRASS session: GISRC environment variable not set,Raster,/opt/grass/grass84/bin
GRASS,GRASS,r.solute.transport,ERROR: No active GRASS session: GISRC environment variable not set,Raster,/opt/grass/grass84/bin
GRASS,GRASS,r.spread,ERROR: No active GRASS session: GISRC environment variable not set,Raster,/opt/grass/grass84/bin
GRASS,GRASS,r.spreadpath,ERROR: No active GRASS session: GISRC environment variable not set,Raster,/opt/grass/grass84/bin
GRASS,GRASS,r.statistics,ERROR: No active GRASS session: GISRC environment variable not set,Raster,/opt/grass/grass84/bin
GRASS,GRASS,r.stats,ERROR: No active GRASS session: GISRC environment variable not set,Raster,/opt/grass/grass84/bin
GRASS,GRASS,r.stats.quantile,ERROR: No active GRASS session: GISRC environment variable not set,Raster,/opt/grass/grass84/bin
GRASS,GRASS,r.stats.zonal,ERROR: No active GRASS session: GISRC environment variable not set,Raster,/opt/grass/grass84/bin
GRASS,GRASS,r.stream.extract,ERROR: No active GRASS session: GISRC environment variable not set,Raster,/opt/grass/grass84/bin
GRASS,GRASS,r.sun,ERROR: No active GRASS session: GISRC environment variable not set,Raster,/opt/grass/grass84/bin
GRASS,GRASS,r.sunhours,ERROR: No active GRASS session: GISRC environment variable not set,Raster,/opt/grass/grass84/bin
GRASS,GRASS,r.sunmask,ERROR: No active GRASS session: GISRC environment variable not set,Raster,/opt/grass/grass84/bin
GRASS,GRASS,r.support,ERROR: No active GRASS session: GISRC environment variable not set,Raster,/opt/grass/grass84/bin
GRASS,GRASS,r.support.stats,ERROR: No active GRASS session: GISRC environment variable not set,Raster,/opt/grass/grass84/bin
GRASS,GRASS,r.surf.area,ERROR: No active GRASS session: GISRC environment variable not set,Raster,/opt/grass/grass84/bin
GRASS,GRASS,r.surf.contour,ERROR: No active GRASS session: GISRC environment variable not set,Raster,/opt/grass/grass84/bin
GRASS,GRASS,r.surf.fractal,ERROR: No active GRASS session: GISRC environment variable not set,Raster,/opt/grass/grass84/bin
GRASS,GRASS,r.surf.gauss,ERROR: No active GRASS session: GISRC environment variable not set,Raster,/opt/grass/grass84/bin
GRASS,GRASS,r.surf.idw,ERROR: No active GRASS session: GISRC environment variable not set,Raster,/opt/grass/grass84/bin
GRASS,GRASS,r.surf.random,ERROR: No active GRASS session: GISRC environment variable not set,Raster,/opt/grass/grass84/bin
GRASS,GRASS,r.terraflow,ERROR: No active GRASS session: GISRC environment variable not set,Raster,/opt/grass/grass84/bin
GRASS,GRASS,r.texture,ERROR: No active GRASS session: GISRC environment variable not set,Raster,/opt/grass/grass84/bin
GRASS,GRASS,r.thin,ERROR: No active GRASS session: GISRC environment variable not set,Raster,/opt/grass/grass84/bin
GRASS,GRASS,r.tile,ERROR: No active GRASS session: GISRC environment variable not set,Raster,/opt/grass/grass84/bin
GRASS,GRASS,r.timestamp,ERROR: No active GRASS session: GISRC environment variable not set,Raster,/opt/grass/grass84/bin
GRASS,GRASS,r.to.rast3,ERROR: No active GRASS session: GISRC environment variable not set,Raster,/opt/grass/grass84/bin
GRASS,GRASS,r.to.rast3elev,ERROR: No active GRASS session: GISRC environment variable not set,Raster,/opt/grass/grass84/bin
GRASS,GRASS,r.to.vect,ERROR: No active GRASS session: GISRC environment variable not set,Raster,/opt/grass/grass84/bin
GRASS,GRASS,r.topidx,ERROR: No active GRASS session: GISRC environment variable not set,Raster,/opt/grass/grass84/bin
GRASS,GRASS,r.topmodel,ERROR: No active GRASS session: GISRC environment variable not set,Raster,/opt/grass/grass84/bin
GRASS,GRASS,r.transect,ERROR: No active GRASS session: GISRC environment variable not set,Raster,/opt/grass/grass84/bin
GRASS,GRASS,r.univar,ERROR: No active GRASS session: GISRC environment variable not set,Raster,/opt/grass/grass84/bin
GRASS,GRASS,r.uslek,ERROR: No active GRASS session: GISRC environment variable not set,Raster,/opt/grass/grass84/bin
GRASS,GRASS,r.usler,ERROR: No active GRASS session: GISRC environment variable not set,Raster,/opt/grass/grass84/bin
GRASS,GRASS,r.viewshed,ERROR: No active GRASS session: GISRC environment variable not set,Raster,/opt/grass/grass84/bin
GRASS,GRASS,r.volume,ERROR: No active GRASS session: GISRC environment variable not set,Raster,/opt/grass/grass84/bin
GRASS,GRASS,r.walk,ERROR: No active GRASS session: GISRC environment variable not set,Raster,/opt/grass/grass84/bin
GRASS,GRASS,r.water.outlet,ERROR: No active GRASS session: GISRC environment variable not set,Raster,/opt/grass/grass84/bin
GRASS,GRASS,r.watershed,ERROR: No active GRASS session: GISRC environment variable not set,Raster,/opt/grass/grass84/bin
GRASS,GRASS,r.what,ERROR: No active GRASS session: GISRC environment variable not set,Raster,/opt/grass/grass84/bin
GRASS,GRASS,r.what.color,ERROR: No active GRASS session: GISRC environment variable not set,Raster,/opt/grass/grass84/bin
GRASS,GRASS,t.connect,ERROR: No active GRASS session: GISRC environment variable not set,Temporal,/opt/grass/grass84/bin
GRASS,GRASS,v.buffer,ERROR: No active GRASS session: GISRC environment variable not set,Vector,/opt/grass/grass84/bin
GRASS,GRASS,v.build,ERROR: No active GRASS session: GISRC environment variable not set,Vector,/opt/grass/grass84/bin
GRASS,GRASS,v.build.polylines,ERROR: No active GRASS session: GISRC environment variable not set,Vector,/opt/grass/grass84/bin
GRASS,GRASS,v.category,ERROR: No active GRASS session: GISRC environment variable not set,Vector,/opt/grass/grass84/bin
GRASS,GRASS,v.class,ERROR: No active GRASS session: GISRC environment variable not set,Vector,/opt/grass/grass84/bin
GRASS,GRASS,v.clean,ERROR: No active GRASS session: GISRC environment variable not set,Vector,/opt/grass/grass84/bin
GRASS,GRASS,v.cluster,ERROR: No active GRASS session: GISRC environment variable not set,Vector,/opt/grass/grass84/bin
GRASS,GRASS,v.colors,ERROR: No active GRASS session: GISRC environment variable not set,Vector,/opt/grass/grass84/bin
GRASS,GRASS,v.colors.out,ERROR: No active GRASS session: GISRC environment variable not set,Vector,/opt/grass/grass84/bin
GRASS,GRASS,v.db.connect,ERROR: No active GRASS session: GISRC environment variable not set,Vector,/opt/grass/grass84/bin
GRASS,GRASS,v.db.select,ERROR: No active GRASS session: GISRC environment variable not set,Vector,/opt/grass/grass84/bin
GRASS,GRASS,v.decimate,ERROR: No active GRASS session: GISRC environment variable not set,Vector,/opt/grass/grass84/bin
GRASS,GRASS,v.delaunay,ERROR: No active GRASS session: GISRC environment variable not set,Vector,/opt/grass/grass84/bin
GRASS,GRASS,v.distance,ERROR: No active GRASS session: GISRC environment variable not set,Vector,/opt/grass/grass84/bin
GRASS,GRASS,v.drape,ERROR: No active GRASS session: GISRC environment variable not set,Vector,/opt/grass/grass84/bin
GRASS,GRASS,v.edit,ERROR: No active GRASS session: GISRC environment variable not set,Vector,/opt/grass/grass84/bin
GRASS,GRASS,v.external,ERROR: No active GRASS session: GISRC environment variable not set,Vector,/opt/grass/grass84/bin
GRASS,GRASS,v.external.out,ERROR: No active GRASS session: GISRC environment variable not set,Vector,/opt/grass/grass84/bin
GRASS,GRASS,v.extract,ERROR: No active GRASS session: GISRC environment variable not set,Vector,/opt/grass/grass84/bin
GRASS,GRASS,v.extrude,ERROR: No active GRASS session: GISRC environment variable not set,Vector,/opt/grass/grass84/bin
GRASS,GRASS,v.fill.holes,ERROR: No active GRASS session: GISRC environment variable not set,Vector,/opt/grass/grass84/bin
GRASS,GRASS,v.generalize,ERROR: No active GRASS session: GISRC environment variable not set,Vector,/opt/grass/grass84/bin
GRASS,GRASS,v.hull,ERROR: No active GRASS session: GISRC environment variable not set,Vector,/opt/grass/grass84/bin
GRASS,GRASS,v.in.ascii,ERROR: No active GRASS session: GISRC environment variable not set,Vector,/opt/grass/grass84/bin
GRASS,GRASS,v.in.db,ERROR: No active GRASS session: GISRC environment variable not set,Vector,/opt/grass/grass84/bin
GRASS,GRASS,v.in.dxf,ERROR: No active GRASS session: GISRC environment variable not set,Vector,/opt/grass/grass84/bin
GRASS,GRASS,v.in.ogr,ERROR: No active GRASS session: GISRC environment variable not set,Vector,/opt/grass/grass84/bin
GRASS,GRASS,v.in.region,ERROR: No active GRASS session: GISRC environment variable not set,Vector,/opt/grass/grass84/bin
GRASS,GRASS,v.info,ERROR: No active GRASS session: GISRC environment variable not set,Vector,/opt/grass/grass84/bin
GRASS,GRASS,v.kcv,ERROR: No active GRASS session: GISRC environment variable not set,Vector,/opt/grass/grass84/bin
GRASS,GRASS,v.kernel,ERROR: No active GRASS session: GISRC environment variable not set,Vector,/opt/grass/grass84/bin
GRASS,GRASS,v.label,ERROR: No active GRASS session: GISRC environment variable not set,Vector,/opt/grass/grass84/bin
GRASS,GRASS,v.label.sa,ERROR: No active GRASS session: GISRC environment variable not set,Vector,/opt/grass/grass84/bin
GRASS,GRASS,v.lidar.correction,ERROR: No active GRASS session: GISRC environment variable not set,Vector,/opt/grass/grass84/bin
GRASS,GRASS,v.lidar.edgedetection,ERROR: No active GRASS session: GISRC environment variable not set,Vector,/opt/grass/grass84/bin
GRASS,GRASS,v.lidar.growing,ERROR: No active GRASS session: GISRC environment variable not set,Vector,/opt/grass/grass84/bin
GRASS,GRASS,v.lrs.create,ERROR: No active GRASS session: GISRC environment variable not set,Vector,/opt/grass/grass84/bin
GRASS,GRASS,v.lrs.label,ERROR: No active GRASS session: GISRC environment variable not set,Vector,/opt/grass/grass84/bin
GRASS,GRASS,v.lrs.segment,ERROR: No active GRASS session: GISRC environment variable not set,Vector,/opt/grass/grass84/bin
GRASS,GRASS,v.lrs.where,ERROR: No active GRASS session: GISRC environment variable not set,Vector,/opt/grass/grass84/bin
GRASS,GRASS,v.mkgrid,ERROR: No active GRASS session: GISRC environment variable not set,Vector,/opt/grass/grass84/bin
GRASS,GRASS,v.neighbors,ERROR: No active GRASS session: GISRC environment variable not set,Vector,/opt/grass/grass84/bin
GRASS,GRASS,v.net,ERROR: No active GRASS session: GISRC environment variable not set,Vector,/opt/grass/grass84/bin
GRASS,GRASS,v.net.alloc,ERROR: No active GRASS session: GISRC environment variable not set,Vector,/opt/grass/grass84/bin
GRASS,GRASS,v.net.allpairs,ERROR: No active GRASS session: GISRC environment variable not set,Vector,/opt/grass/grass84/bin
GRASS,GRASS,v.net.bridge,ERROR: No active GRASS session: GISRC environment variable not set,Vector,/opt/grass/grass84/bin
GRASS,GRASS,v.net.centrality,ERROR: No active GRASS session: GISRC environment variable not set,Vector,/opt/grass/grass84/bin
GRASS,GRASS,v.net.components,ERROR: No active GRASS session: GISRC environment variable not set,Vector,/opt/grass/grass84/bin
GRASS,GRASS,v.net.connectivity,ERROR: No active GRASS session: GISRC environment variable not set,Vector,/opt/grass/grass84/bin
GRASS,GRASS,v.net.distance,ERROR: No active GRASS session: GISRC environment variable not set,Vector,/opt/grass/grass84/bin
GRASS,GRASS,v.net.flow,ERROR: No active GRASS session: GISRC environment variable not set,Vector,/opt/grass/grass84/bin
GRASS,GRASS,v.net.iso,ERROR: No active GRASS session: GISRC environment variable not set,Vector,/opt/grass/grass84/bin
GRASS,GRASS,v.net.path,ERROR: No active GRASS session: GISRC environment variable not set,Vector,/opt/grass/grass84/bin
GRASS,GRASS,v.net.salesman,ERROR: No active GRASS session: GISRC environment variable not set,Vector,/opt/grass/grass84/bin
GRASS,GRASS,v.net.spanningtree,ERROR: No active GRASS session: GISRC environment variable not set,Vector,/opt/grass/grass84/bin
GRASS,GRASS,v.net.steiner,ERROR: No active GRASS session: GISRC environment variable not set,Vector,/opt/grass/grass84/bin
GRASS,GRASS,v.net.timetable,ERROR: No active GRASS session: GISRC environment variable not set,Vector,/opt/grass/grass84/bin
GRASS,GRASS,v.net.visibility,ERROR: No active GRASS session: GISRC environment variable not set,Vector,/opt/grass/grass84/bin
GRASS,GRASS,v.normal,ERROR: No active GRASS session: GISRC environment variable not set,Vector,/opt/grass/grass84/bin
GRASS,GRASS,v.out.ascii,ERROR: No active GRASS session: GISRC environment variable not set,Vector,/opt/grass/grass84/bin
GRASS,GRASS,v.out.dxf,ERROR: No active GRASS session: GISRC environment variable not set,Vector,/opt/grass/grass84/bin
GRASS,GRASS,v.out.ogr,ERROR: No active GRASS session: GISRC environment variable not set,Vector,/opt/grass/grass84/bin
GRASS,GRASS,v.out.pov,ERROR: No active GRASS session: GISRC environment variable not set,Vector,/opt/grass/grass84/bin
GRASS,GRASS,v.out.svg,ERROR: No active GRASS session: GISRC environment variable not set,Vector,/opt/grass/grass84/bin
GRASS,GRASS,v.out.vtk,ERROR: No active GRASS session: GISRC environment variable not set,Vector,/opt/grass/grass84/bin
GRASS,GRASS,v.outlier,ERROR: No active GRASS session: GISRC environment variable not set,Vector,/opt/grass/grass84/bin
GRASS,GRASS,v.overlay,ERROR: No active GRASS session: GISRC environment variable not set,Vector,/opt/grass/grass84/bin
GRASS,GRASS,v.parallel,ERROR: No active GRASS session: GISRC environment variable not set,Vector,/opt/grass/grass84/bin
GRASS,GRASS,v.patch,ERROR: No active GRASS session: GISRC environment variable not set,Vector,/opt/grass/grass84/bin
GRASS,GRASS,v.perturb,ERROR: No active GRASS session: GISRC environment variable not set,Vector,/opt/grass/grass84/bin
GRASS,GRASS,v.profile,ERROR: No active GRASS session: GISRC environment variable not set,Vector,/opt/grass/grass84/bin
GRASS,GRASS,v.proj,ERROR: No active GRASS session: GISRC environment variable not set,Vector,/opt/grass/grass84/bin
GRASS,GRASS,v.qcount,ERROR: No active GRASS session: GISRC environment variable not set,Vector,/opt/grass/grass84/bin
GRASS,GRASS,v.random,ERROR: No active GRASS session: GISRC environment variable not set,Vector,/opt/grass/grass84/bin
GRASS,GRASS,v.reclass,ERROR: No active GRASS session: GISRC environment variable not set,Vector,/opt/grass/grass84/bin
GRASS,GRASS,v.rectify,ERROR: No active GRASS session: GISRC environment variable not set,Vector,/opt/grass/grass84/bin
GRASS,GRASS,v.sample,ERROR: No active GRASS session: GISRC environment variable not set,Vector,/opt/grass/grass84/bin
GRASS,GRASS,v.segment,ERROR: No active GRASS session: GISRC environment variable not set,Vector,/opt/grass/grass84/bin
GRASS,GRASS,v.select,ERROR: No active GRASS session: GISRC environment variable not set,Vector,/opt/grass/grass84/bin
GRASS,GRASS,v.split,ERROR: No active GRASS session: GISRC environment variable not set,Vector,/opt/grass/grass84/bin
GRASS,GRASS,v.support,ERROR: No active GRASS session: GISRC environment variable not set,Vector,/opt/grass/grass84/bin
GRASS,GRASS,v.surf.bspline,ERROR: No active GRASS session: GISRC environment variable not set,Vector,/opt/grass/grass84/bin
GRASS,GRASS,v.surf.idw,ERROR: No active GRASS session: GISRC environment variable not set,Vector,/opt/grass/grass84/bin
GRASS,GRASS,v.surf.rst,ERROR: No active GRASS session: GISRC environment variable not set,Vector,/opt/grass/grass84/bin
GRASS,GRASS,v.timestamp,ERROR: No active GRASS session: GISRC environment variable not set,Vector,/opt/grass/grass84/bin
GRASS,GRASS,v.to.3d,ERROR: No active GRASS session: GISRC environment variable not set,Vector,/opt/grass/grass84/bin
GRASS,GRASS,v.to.db,ERROR: No active GRASS session: GISRC environment variable not set,Vector,/opt/grass/grass84/bin
GRASS,GRASS,v.to.points,ERROR: No active GRASS session: GISRC environment variable not set,Vector,/opt/grass/grass84/bin
GRASS,GRASS,v.to.rast,ERROR: No active GRASS session: GISRC environment variable not set,Vector,/opt/grass/grass84/bin
GRASS,GRASS,v.to.rast3,ERROR: No active GRASS session: GISRC environment variable not set,Vector,/opt/grass/grass84/bin
GRASS,GRASS,v.transform,ERROR: No active GRASS session: GISRC environment variable not set,Vector,/opt/grass/grass84/bin
GRASS,GRASS,v.type,ERROR: No active GRASS session: GISRC environment variable not set,Vector,/opt/grass/grass84/bin
GRASS,GRASS,v.univar,ERROR: No active GRASS session: GISRC environment variable not set,Vector,/opt/grass/grass84/bin
GRASS,GRASS,v.vect.stats,ERROR: No active GRASS session: GISRC environment variable not set,Vector,/opt/grass/grass84/bin
GRASS,GRASS,v.vol.rst,ERROR: No active GRASS session: GISRC environment variable not set,Vector,/opt/grass/grass84/bin
GRASS,GRASS,v.voronoi,ERROR: No active GRASS session: GISRC environment variable not set,Vector,/opt/grass/grass84/bin
GRASS,GRASS,v.what,ERROR: No active GRASS session: GISRC environment variable not set,Vector,/opt/grass/grass84/bin
GRASS,GRASS,v.what.rast,ERROR: No active GRASS session: GISRC environment variable not set,Vector,/opt/grass/grass84/bin
GRASS,GRASS,v.what.rast3,ERROR: No active GRASS session: GISRC environment variable not set,Vector,/opt/grass/grass84/bin
GRASS,GRASS,d.background,Traceback (most recent call last):,Display,/opt/grass/grass84/scripts
GRASS,GRASS,d.correlate,Traceback (most recent call last):,Display,/opt/grass/grass84/scripts
GRASS,GRASS,d.frame,Traceback (most recent call last):,Display,/opt/grass/grass84/scripts
GRASS,GRASS,d.out.file,Traceback (most recent call last):,Display,/opt/grass/grass84/scripts
GRASS,GRASS,d.polar,Traceback (most recent call last):,Display,/opt/grass/grass84/scripts
GRASS,GRASS,d.rast.edit,Traceback (most recent call last):,Display,/opt/grass/grass84/scripts
GRASS,GRASS,d.rast.leg,Traceback (most recent call last):,Display,/opt/grass/grass84/scripts
GRASS,GRASS,d.shade,Traceback (most recent call last):,Display,/opt/grass/grass84/scripts
GRASS,GRASS,d.to.rast,Traceback (most recent call last):,Display,/opt/grass/grass84/scripts
GRASS,GRASS,d.what.rast,Traceback (most recent call last):,Display,/opt/grass/grass84/scripts
GRASS,GRASS,d.what.vect,Traceback (most recent call last):,Display,/opt/grass/grass84/scripts
GRASS,GRASS,db.dropcolumn,Traceback (most recent call last):,Database,/opt/grass/grass84/scripts
GRASS,GRASS,db.droptable,Traceback (most recent call last):,Database,/opt/grass/grass84/scripts
GRASS,GRASS,db.in.ogr,Traceback (most recent call last):,Database,/opt/grass/grass84/scripts
GRASS,GRASS,db.out.ogr,Traceback (most recent call last):,Database,/opt/grass/grass84/scripts
GRASS,GRASS,db.test,Traceback (most recent call last):,Database,/opt/grass/grass84/scripts
GRASS,GRASS,db.univar,Traceback (most recent call last):,Database,/opt/grass/grass84/scripts
GRASS,GRASS,g.download.location,Traceback (most recent call last):,General,/opt/grass/grass84/scripts
GRASS,GRASS,g.extension,Traceback (most recent call last):,General,/opt/grass/grass84/scripts
GRASS,GRASS,g.extension.all,Traceback (most recent call last):,General,/opt/grass/grass84/scripts
GRASS,GRASS,g.gui.animation,Traceback (most recent call last):,General,/opt/grass/grass84/scripts
GRASS,GRASS,g.gui.datacatalog,Traceback (most recent call last):,General,/opt/grass/grass84/scripts
GRASS,GRASS,g.gui.dbmgr,Traceback (most recent call last):,General,/opt/grass/grass84/scripts
GRASS,GRASS,g.gui.gcp,Traceback (most recent call last):,General,/opt/grass/grass84/scripts
GRASS,GRASS,g.gui.gmodeler,Traceback (most recent call last):,General,/opt/grass/grass84/scripts
GRASS,GRASS,g.gui.iclass,Traceback (most recent call last):,General,/opt/grass/grass84/scripts
GRASS,GRASS,g.gui.image2target,Traceback (most recent call last):,General,/opt/grass/grass84/scripts
GRASS,GRASS,g.gui.mapswipe,Traceback (most recent call last):,General,/opt/grass/grass84/scripts
GRASS,GRASS,g.gui.photo2image,Traceback (most recent call last):,General,/opt/grass/grass84/scripts
GRASS,GRASS,g.gui.psmap,Traceback (most recent call last):,General,/opt/grass/grass84/scripts
GRASS,GRASS,g.gui.rdigit,Traceback (most recent call last):,General,/opt/grass/grass84/scripts
GRASS,GRASS,g.gui.rlisetup,Traceback (most recent call last):,General,/opt/grass/grass84/scripts
GRASS,GRASS,g.gui.timeline,Traceback (most recent call last):,General,/opt/grass/grass84/scripts
GRASS,GRASS,g.gui.tplot,Traceback (most recent call last):,General,/opt/grass/grass84/scripts
GRASS,GRASS,g.gui.vdigit,Traceback (most recent call last):,General,/opt/grass/grass84/scripts
GRASS,GRASS,g.manual,Traceback (most recent call last):,General,/opt/grass/grass84/scripts
GRASS,GRASS,g.search.modules,Traceback (most recent call last):,General,/opt/grass/grass84/scripts
GRASS,GRASS,i.band.library,Traceback (most recent call last):,Imagery,/opt/grass/grass84/scripts
GRASS,GRASS,i.colors.enhance,Traceback (most recent call last):,Imagery,/opt/grass/grass84/scripts
GRASS,GRASS,i.image.mosaic,Traceback (most recent call last):,Imagery,/opt/grass/grass84/scripts
GRASS,GRASS,i.in.spotvgt,Traceback (most recent call last):,Imagery,/opt/grass/grass84/scripts
GRASS,GRASS,i.oif,Traceback (most recent call last):,Imagery,/opt/grass/grass84/scripts
GRASS,GRASS,i.pansharpen,Traceback (most recent call last):,Imagery,/opt/grass/grass84/scripts
GRASS,GRASS,i.spectral,Traceback (most recent call last):,Imagery,/opt/grass/grass84/scripts
GRASS,GRASS,i.tasscap,Traceback (most recent call last):,Imagery,/opt/grass/grass84/scripts
GRASS,GRASS,r.blend,Traceback (most recent call last):,Raster,/opt/grass/grass84/scripts
GRASS,GRASS,r.buffer.lowmem,Traceback (most recent call last):,Raster,/opt/grass/grass84/scripts
GRASS,GRASS,r.colors.stddev,Traceback (most recent call last):,Raster,/opt/grass/grass84/scripts
GRASS,GRASS,r.drain,Traceback (most recent call last):,Raster,/opt/grass/grass84/scripts
GRASS,GRASS,r.fillnulls,Traceback (most recent call last):,Raster,/opt/grass/grass84/scripts
GRASS,GRASS,r.grow,Traceback (most recent call last):,Raster,/opt/grass/grass84/scripts
GRASS,GRASS,r.import,Traceback (most recent call last):,Raster,/opt/grass/grass84/scripts
GRASS,GRASS,r.in.aster,Traceback (most recent call last):,Raster,/opt/grass/grass84/scripts
GRASS,GRASS,r.in.srtm,Traceback (most recent call last):,Raster,/opt/grass/grass84/scripts
GRASS,GRASS,r.in.wms,Traceback (most recent call last):,Raster,/opt/grass/grass84/scripts
GRASS,GRASS,r.mapcalc.simple,Traceback (most recent call last):,Raster,/opt/grass/grass84/scripts
GRASS,GRASS,r.mask,Traceback (most recent call last):,Raster,/opt/grass/grass84/scripts
GRASS,GRASS,r.out.xyz,Traceback (most recent call last):,Raster,/opt/grass/grass84/scripts
GRASS,GRASS,r.pack,Traceback (most recent call last):,Raster,/opt/grass/grass84/scripts
GRASS,GRASS,r.plane,Traceback (most recent call last):,Raster,/opt/grass/grass84/scripts
GRASS,GRASS,r.reclass.area,Traceback (most recent call last):,Raster,/opt/grass/grass84/scripts
GRASS,GRASS,r.rgb,Traceback (most recent call last):,Raster,/opt/grass/grass84/scripts
GRASS,GRASS,r.semantic.label,Traceback (most recent call last):,Raster,/opt/grass/grass84/scripts
GRASS,GRASS,r.shade,Traceback (most recent call last):,Raster,/opt/grass/grass84/scripts
GRASS,GRASS,r.tileset,Traceback (most recent call last):,Raster,/opt/grass/grass84/scripts
GRASS,GRASS,r.unpack,Traceback (most recent call last):,Raster,/opt/grass/grass84/scripts
GRASS,GRASS,t.copy,Traceback (most recent call last):,Temporal,/opt/grass/grass84/scripts
GRASS,GRASS,t.create,Traceback (most recent call last):,Temporal,/opt/grass/grass84/scripts
GRASS,GRASS,t.info,Traceback (most recent call last):,Temporal,/opt/grass/grass84/scripts
GRASS,GRASS,t.list,Traceback (most recent call last):,Temporal,/opt/grass/grass84/scripts
GRASS,GRASS,t.merge,Traceback (most recent call last):,Temporal,/opt/grass/grass84/scripts
GRASS,GRASS,t.rast.accdetect,Traceback (most recent call last):,Temporal,/opt/grass/grass84/scripts
GRASS,GRASS,t.rast.accumulate,Traceback (most recent call last):,Temporal,/opt/grass/grass84/scripts
GRASS,GRASS,t.rast.aggregate,Traceback (most recent call last):,Temporal,/opt/grass/grass84/scripts
GRASS,GRASS,t.rast.aggregate.ds,Traceback (most recent call last):,Temporal,/opt/grass/grass84/scripts
GRASS,GRASS,t.rast.algebra,Traceback (most recent call last):,Temporal,/opt/grass/grass84/scripts
GRASS,GRASS,t.rast.colors,Traceback (most recent call last):,Temporal,/opt/grass/grass84/scripts
GRASS,GRASS,t.rast.contour,Traceback (most recent call last):,Temporal,/opt/grass/grass84/scripts
GRASS,GRASS,t.rast.export,Traceback (most recent call last):,Temporal,/opt/grass/grass84/scripts
GRASS,GRASS,t.rast.extract,Traceback (most recent call last):,Temporal,/opt/grass/grass84/scripts
GRASS,GRASS,t.rast.gapfill,Traceback (most recent call last):,Temporal,/opt/grass/grass84/scripts
GRASS,GRASS,t.rast.import,Traceback (most recent call last):,Temporal,/opt/grass/grass84/scripts
GRASS,GRASS,t.rast.list,Traceback (most recent call last):,Temporal,/opt/grass/grass84/scripts
GRASS,GRASS,t.rast.mapcalc,Traceback (most recent call last):,Temporal,/opt/grass/grass84/scripts
GRASS,GRASS,t.rast.neighbors,Traceback (most recent call last):,Temporal,/opt/grass/grass84/scripts
GRASS,GRASS,t.rast.out.vtk,Traceback (most recent call last):,Temporal,/opt/grass/grass84/scripts
GRASS,GRASS,t.rast.series,Traceback (most recent call last):,Temporal,/opt/grass/grass84/scripts
GRASS,GRASS,t.rast.to.rast3,Traceback (most recent call last):,Temporal,/opt/grass/grass84/scripts
GRASS,GRASS,t.rast.to.vect,Traceback (most recent call last):,Temporal,/opt/grass/grass84/scripts
GRASS,GRASS,t.rast.univar,Traceback (most recent call last):,Temporal,/opt/grass/grass84/scripts
GRASS,GRASS,t.rast.what,Traceback (most recent call last):,Temporal,/opt/grass/grass84/scripts
GRASS,GRASS,t.rast3d.algebra,Traceback (most recent call last):,Temporal,/opt/grass/grass84/scripts
GRASS,GRASS,t.rast3d.extract,Traceback (most recent call last):,Temporal,/opt/grass/grass84/scripts
GRASS,GRASS,t.rast3d.list,Traceback (most recent call last):,Temporal,/opt/grass/grass84/scripts
GRASS,GRASS,t.rast3d.mapcalc,Traceback (most recent call last):,Temporal,/opt/grass/grass84/scripts
GRASS,GRASS,t.rast3d.univar,Traceback (most recent call last):,Temporal,/opt/grass/grass84/scripts
GRASS,GRASS,t.register,Traceback (most recent call last):,Temporal,/opt/grass/grass84/scripts
GRASS,GRASS,t.remove,Traceback (most recent call last):,Temporal,/opt/grass/grass84/scripts
GRASS,GRASS,t.rename,Traceback (most recent call last):,Temporal,/opt/grass/grass84/scripts
GRASS,GRASS,t.sample,Traceback (most recent call last):,Temporal,/opt/grass/grass84/scripts
GRASS,GRASS,t.select,Traceback (most recent call last):,Temporal,/opt/grass/grass84/scripts
GRASS,GRASS,t.shift,Traceback (most recent call last):,Temporal,/opt/grass/grass84/scripts
GRASS,GRASS,t.snap,Traceback (most recent call last):,Temporal,/opt/grass/grass84/scripts
GRASS,GRASS,t.support,Traceback (most recent call last):,Temporal,/opt/grass/grass84/scripts
GRASS,GRASS,t.topology,Traceback (most recent call last):,Temporal,/opt/grass/grass84/scripts
GRASS,GRASS,t.unregister,Traceback (most recent call last):,Temporal,/opt/grass/grass84/scripts
GRASS,GRASS,t.upgrade,Traceback (most recent call last):,Temporal,/opt/grass/grass84/scripts
GRASS,GRASS,t.vect.algebra,Traceback (most recent call last):,Temporal,/opt/grass/grass84/scripts
GRASS,GRASS,t.vect.db.select,Traceback (most recent call last):,Temporal,/opt/grass/grass84/scripts
GRASS,GRASS,t.vect.export,Traceback (most recent call last):,Temporal,/opt/grass/grass84/scripts
GRASS,GRASS,t.vect.extract,Traceback (most recent call last):,Temporal,/opt/grass/grass84/scripts
GRASS,GRASS,t.vect.import,Traceback (most recent call last):,Temporal,/opt/grass/grass84/scripts
GRASS,GRASS,t.vect.list,Traceback (most recent call last):,Temporal,/opt/grass/grass84/scripts
GRASS,GRASS,t.vect.observe.strds,Traceback (most recent call last):,Temporal,/opt/grass/grass84/scripts
GRASS,GRASS,t.vect.univar,Traceback (most recent call last):,Temporal,/opt/grass/grass84/scripts
GRASS,GRASS,t.vect.what.strds,Traceback (most recent call last):,Temporal,/opt/grass/grass84/scripts
GRASS,GRASS,v.build.all,Traceback (most recent call last):,Vector,/opt/grass/grass84/scripts
GRASS,GRASS,v.centroids,Traceback (most recent call last):,Vector,/opt/grass/grass84/scripts
GRASS,GRASS,v.clip,Traceback (most recent call last):,Vector,/opt/grass/grass84/scripts
GRASS,GRASS,v.db.addcolumn,Traceback (most recent call last):,Vector,/opt/grass/grass84/scripts
GRASS,GRASS,v.db.addtable,Traceback (most recent call last):,Vector,/opt/grass/grass84/scripts
GRASS,GRASS,v.db.dropcolumn,Traceback (most recent call last):,Vector,/opt/grass/grass84/scripts
GRASS,GRASS,v.db.droprow,Traceback (most recent call last):,Vector,/opt/grass/grass84/scripts
GRASS,GRASS,v.db.droptable,Traceback (most recent call last):,Vector,/opt/grass/grass84/scripts
GRASS,GRASS,v.db.join,Traceback (most recent call last):,Vector,/opt/grass/grass84/scripts
GRASS,GRASS,v.db.reconnect.all,Traceback (most recent call last):,Vector,/opt/grass/grass84/scripts
GRASS,GRASS,v.db.renamecolumn,Traceback (most recent call last):,Vector,/opt/grass/grass84/scripts
GRASS,GRASS,v.db.univar,Traceback (most recent call last):,Vector,/opt/grass/grass84/scripts
GRASS,GRASS,v.db.update,Traceback (most recent call last):,Vector,/opt/grass/grass84/scripts
GRASS,GRASS,v.dissolve,Traceback (most recent call last):,Vector,/opt/grass/grass84/scripts
GRASS,GRASS,v.import,Traceback (most recent call last):,Vector,/opt/grass/grass84/scripts
GRASS,GRASS,v.in.e00,Traceback (most recent call last):,Vector,/opt/grass/grass84/scripts
GRASS,GRASS,v.in.geonames,Traceback (most recent call last):,Vector,/opt/grass/grass84/scripts
GRASS,GRASS,v.in.lines,Traceback (most recent call last):,Vector,/opt/grass/grass84/scripts
GRASS,GRASS,v.in.mapgen,Traceback (most recent call last):,Vector,/opt/grass/grass84/scripts
GRASS,GRASS,v.in.wfs,Traceback (most recent call last):,Vector,/opt/grass/grass84/scripts
GRASS,GRASS,v.pack,Traceback (most recent call last):,Vector,/opt/grass/grass84/scripts
GRASS,GRASS,v.rast.stats,Traceback (most recent call last):,Vector,/opt/grass/grass84/scripts
GRASS,GRASS,v.report,Traceback (most recent call last):,Vector,/opt/grass/grass84/scripts
GRASS,GRASS,v.to.lines,Traceback (most recent call last):,Vector,/opt/grass/grass84/scripts
GRASS,GRASS,v.unpack,Traceback (most recent call last):,Vector,/opt/grass/grass84/scripts
GRASS,GRASS,v.what.strds,Traceback (most recent call last):,Vector,/opt/grass/grass84/scripts
GRASS,GRASS,v.what.vect,Traceback (most recent call last):,Vector,/opt/grass/grass84/scripts
