Tool,Provider,Algorithm_ID,Algorithm_Name
OTB,OTB_CLI,RadiometricIndices,RadiometricIndices
OTB,OTB_CLI,ClassificationMapRegularization,ClassificationMapRegularization
OTB,OTB_CLI,LocalRxDetection,LocalRxDetection
OTB,OTB_CLI,Mosaic,Mosaic
OTB,OTB_CLI,StereoFramework,StereoFramework
OTB,OTB_CLI,DomainTransform,DomainTransform
OTB,OTB_CLI,ResetMargin,ResetMargin
OTB,OTB_CLI,DynamicConvert,DynamicConvert
OTB,OTB_CLI,SampleAugmentation,SampleAugmentation
OTB,OTB_CLI,MultiImageSamplingRate,MultiImageSamplingRate
OTB,OTB_CLI,LocalStatisticExtraction,LocalStatisticExtraction
OTB,OTB_CLI,LSMSVectorization,LSMSVectorization
OTB,OTB_CLI,ImageEnvelope,ImageEnvelope
OTB,OTB_CLI,Quicklook,Quicklook
OTB,OTB_CLI,BundleToPerfectSensor,BundleToPerfectSensor
OTB,OTB_CLI,ContrastEnhancement,ContrastEnhancement
OTB,OTB_CLI,ImageRegression,ImageRegression
OTB,OTB_CLI,SARPolarMatrixConvert,SARPolarMatrixConvert
OTB,OTB_CLI,HomologousPointsExtraction,HomologousPointsExtraction
OTB,OTB_CLI,SFSTextureExtraction,SFSTextureExtraction
OTB,OTB_CLI,Pansharpening,Pansharpening
OTB,OTB_CLI,RigidTransformResample,RigidTransformResample
OTB,OTB_CLI,ComputeModulusAndPhase,ComputeModulusAndPhase
OTB,OTB_CLI,SOMClassification,SOMClassification
OTB,OTB_CLI,GrayScaleMorphologicalOperation,GrayScaleMorphologicalOperation
OTB,OTB_CLI,ComputeConfusionMatrix,ComputeConfusionMatrix
OTB,OTB_CLI,ConvertCartoToGeoPoint,ConvertCartoToGeoPoint
OTB,OTB_CLI,FineRegistration,FineRegistration
OTB,OTB_CLI,SmallRegionsMerging,SmallRegionsMerging
OTB,OTB_CLI,MeanShiftSmoothing,MeanShiftSmoothing
OTB,OTB_CLI,ConcatenateImages,ConcatenateImages
OTB,OTB_CLI,ComputeOGRLayersFeaturesStatistics,ComputeOGRLayersFeaturesStatistics
OTB,OTB_CLI,ObjectsRadiometricStatistics,ObjectsRadiometricStatistics
OTB,OTB_CLI,LargeScaleMeanShift,LargeScaleMeanShift
OTB,OTB_CLI,FastNLMeans,FastNLMeans
OTB,OTB_CLI,SARBurstExtraction,SARBurstExtraction
OTB,OTB_CLI,OGRLayerClassifier,OGRLayerClassifier
OTB,OTB_CLI,SARCalibration,SARCalibration
OTB,OTB_CLI,ExtractROI,ExtractROI
OTB,OTB_CLI,ImageClassifier,ImageClassifier
OTB,OTB_CLI,TrainDimensionalityReduction,TrainDimensionalityReduction
OTB,OTB_CLI,ZonalStatistics,ZonalStatistics
OTB,OTB_CLI,OrthoRectification,OrthoRectification
OTB,OTB_CLI,VectorRegression,VectorRegression
OTB,OTB_CLI,KMeansClassification,KMeansClassification
OTB,OTB_CLI,ImageDimensionalityReduction,ImageDimensionalityReduction
OTB,OTB_CLI,MorphologicalMultiScaleDecomposition,MorphologicalMultiScaleDecomposition
OTB,OTB_CLI,BinaryMorphologicalOperation,BinaryMorphologicalOperation
OTB,OTB_CLI,VectorDimensionalityReduction,VectorDimensionalityReduction
OTB,OTB_CLI,MultitempFilteringFilter,MultitempFilteringFilter
OTB,OTB_CLI,BandMathX,BandMathX
OTB,OTB_CLI,VertexComponentAnalysis,VertexComponentAnalysis
OTB,OTB_CLI,LineSegmentDetection,LineSegmentDetection
OTB,OTB_CLI,ImageTimeSeriesGapFilling,ImageTimeSeriesGapFilling
OTB,OTB_CLI,Aggregate,Aggregate
OTB,OTB_CLI,SARConcatenateBursts,SARConcatenateBursts
OTB,OTB_CLI,SARDeburst,SARDeburst
OTB,OTB_CLI,BandMath,BandMath
OTB,OTB_CLI,VectorDataReprojection,VectorDataReprojection
OTB,OTB_CLI,ConnectedComponentSegmentation,ConnectedComponentSegmentation
OTB,OTB_CLI,RefineSensorModel,RefineSensorModel
OTB,OTB_CLI,VectorDataExtractROI,VectorDataExtractROI
OTB,OTB_CLI,MultivariateAlterationDetector,MultivariateAlterationDetector
OTB,OTB_CLI,CompareImages,CompareImages
OTB,OTB_CLI,MorphologicalProfilesAnalysis,MorphologicalProfilesAnalysis
OTB,OTB_CLI,VectorDataTransform,VectorDataTransform
OTB,OTB_CLI,TrainRegression,TrainRegression
OTB,OTB_CLI,TrainImagesClassifier,TrainImagesClassifier
OTB,OTB_CLI,DimensionalityReduction,DimensionalityReduction
OTB,OTB_CLI,FusionOfClassifications,FusionOfClassifications
OTB,OTB_CLI,SplitImage,SplitImage
OTB,OTB_CLI,SpectralAngleClassification,SpectralAngleClassification
OTB,OTB_CLI,LSMSSegmentation,LSMSSegmentation
OTB,OTB_CLI,MorphologicalClassification,MorphologicalClassification
OTB,OTB_CLI,VectorDataSetField,VectorDataSetField
OTB,OTB_CLI,Synthetize,Synthetize
OTB,OTB_CLI,ObtainUTMZoneFromGeoPoint,ObtainUTMZoneFromGeoPoint
OTB,OTB_CLI,ManageNoData,ManageNoData
OTB,OTB_CLI,Superimpose,Superimpose
OTB,OTB_CLI,SARPolarSynth,SARPolarSynth
OTB,OTB_CLI,MultiResolutionPyramid,MultiResolutionPyramid
OTB,OTB_CLI,TrainVectorClassifier,TrainVectorClassifier
OTB,OTB_CLI,DisparityMapToElevationMap,DisparityMapToElevationMap
OTB,OTB_CLI,Despeckle,Despeckle
OTB,OTB_CLI,TrainVectorRegression,TrainVectorRegression
OTB,OTB_CLI,PantexTextureExtraction,PantexTextureExtraction
OTB,OTB_CLI,ConvertSensorToGeoPoint,ConvertSensorToGeoPoint
OTB,OTB_CLI,EndmemberNumberEstimation,EndmemberNumberEstimation
OTB,OTB_CLI,HooverCompareSegmentation,HooverCompareSegmentation
OTB,OTB_CLI,SampleExtraction,SampleExtraction
OTB,OTB_CLI,TileFusion,TileFusion
OTB,OTB_CLI,HyperspectralUnmixing,HyperspectralUnmixing
OTB,OTB_CLI,HaralickTextureExtraction,HaralickTextureExtraction
OTB,OTB_CLI,ReadImageInfo,ReadImageInfo
OTB,OTB_CLI,EdgeExtraction,EdgeExtraction
OTB,OTB_CLI,BlockMatching,BlockMatching
OTB,OTB_CLI,TrainImagesRegression,TrainImagesRegression
OTB,OTB_CLI,GridBasedImageResampling,GridBasedImageResampling
OTB,OTB_CLI,GeneratePlyFile,GeneratePlyFile
OTB,OTB_CLI,GenericRegionMerging,GenericRegionMerging
OTB,OTB_CLI,Rasterization,Rasterization
OTB,OTB_CLI,PolygonClassStatistics,PolygonClassStatistics
OTB,OTB_CLI,OpticalCalibration,OpticalCalibration
OTB,OTB_CLI,MultitempFilteringOutcore,MultitempFilteringOutcore
OTB,OTB_CLI,LSMSSmallRegionsMerging,LSMSSmallRegionsMerging
OTB,OTB_CLI,Smoothing,Smoothing
OTB,OTB_CLI,StereoRectificationGridGenerator,StereoRectificationGridGenerator
OTB,OTB_CLI,PixelValue,PixelValue
OTB,OTB_CLI,ConcatenateVectorData,ConcatenateVectorData
OTB,OTB_CLI,ComputeImagesStatistics,ComputeImagesStatistics
OTB,OTB_CLI,SampleSelection,SampleSelection
OTB,OTB_CLI,SARDecompositions,SARDecompositions
OTB,OTB_CLI,VectorClassifier,VectorClassifier
OTB,OTB_CLI,Segmentation,Segmentation
OTB,OTB_CLI,ColorMapping,ColorMapping
OTB,OTB_APP,LargeScaleMeanShift,LargeScaleMeanShift
OTB,OTB_APP,SARBurstExtraction,SARBurstExtraction
OTB,OTB_APP,ObtainUTMZoneFromGeoPoint,ObtainUTMZoneFromGeoPoint
OTB,OTB_APP,VectorDataExtractROI,VectorDataExtractROI
OTB,OTB_APP,SARConcatenateBursts,SARConcatenateBursts
OTB,OTB_APP,ZonalStatistics,ZonalStatistics
OTB,OTB_APP,SpectralAngleClassification,SpectralAngleClassification
OTB,OTB_APP,LocalStatisticExtraction,LocalStatisticExtraction
OTB,OTB_APP,MorphologicalMultiScaleDecomposition,MorphologicalMultiScaleDecomposition
OTB,OTB_APP,MultiResolutionPyramid,MultiResolutionPyramid
OTB,OTB_APP,Segmentation,Segmentation
OTB,OTB_APP,ImageTimeSeriesGapFilling,ImageTimeSeriesGapFilling
OTB,OTB_APP,EdgeExtraction,EdgeExtraction
OTB,OTB_APP,HomologousPointsExtraction,HomologousPointsExtraction
OTB,OTB_APP,FineRegistration,FineRegistration
OTB,OTB_APP,Superimpose,Superimpose
OTB,OTB_APP,SFSTextureExtraction,SFSTextureExtraction
OTB,OTB_APP,ConvertSensorToGeoPoint,ConvertSensorToGeoPoint
OTB,OTB_APP,RigidTransformResample,RigidTransformResample
OTB,OTB_APP,SARDeburst,SARDeburst
OTB,OTB_APP,BandMathX,BandMathX
OTB,OTB_APP,LocalRxDetection,LocalRxDetection
OTB,OTB_APP,VertexComponentAnalysis,VertexComponentAnalysis
OTB,OTB_APP,OpticalCalibration,OpticalCalibration
OTB,OTB_APP,SplitImage,SplitImage
OTB,OTB_APP,MultitempFilteringOutcore,MultitempFilteringOutcore
OTB,OTB_APP,ContrastEnhancement,ContrastEnhancement
OTB,OTB_APP,ConcatenateImages,ConcatenateImages
OTB,OTB_APP,ManageNoData,ManageNoData
OTB,OTB_APP,TileFusion,TileFusion
OTB,OTB_APP,ReadImageInfo,ReadImageInfo
OTB,OTB_APP,LineSegmentDetection,LineSegmentDetection
OTB,OTB_APP,HyperspectralUnmixing,HyperspectralUnmixing
OTB,OTB_APP,StereoFramework,StereoFramework
OTB,OTB_APP,Smoothing,Smoothing
OTB,OTB_APP,OrthoRectification,OrthoRectification
OTB,OTB_APP,ImageEnvelope,ImageEnvelope
OTB,OTB_APP,ConvertCartoToGeoPoint,ConvertCartoToGeoPoint
OTB,OTB_APP,GridBasedImageResampling,GridBasedImageResampling
OTB,OTB_APP,MorphologicalClassification,MorphologicalClassification
OTB,OTB_APP,FusionOfClassifications,FusionOfClassifications
OTB,OTB_APP,Rasterization,Rasterization
OTB,OTB_APP,ConcatenateVectorData,ConcatenateVectorData
OTB,OTB_APP,Aggregate,Aggregate
OTB,OTB_APP,BundleToPerfectSensor,BundleToPerfectSensor
OTB,OTB_APP,BandMath,BandMath
OTB,OTB_APP,BlockMatching,BlockMatching
OTB,OTB_APP,FastNLMeans,FastNLMeans
OTB,OTB_APP,Mosaic,Mosaic
OTB,OTB_APP,VectorClassifier,VectorClassifier
OTB,OTB_APP,DisparityMapToElevationMap,DisparityMapToElevationMap
OTB,OTB_APP,SARPolarMatrixConvert,SARPolarMatrixConvert
OTB,OTB_APP,Despeckle,Despeckle
OTB,OTB_APP,StereoRectificationGridGenerator,StereoRectificationGridGenerator
OTB,OTB_APP,DimensionalityReduction,DimensionalityReduction
OTB,OTB_APP,LSMSSegmentation,LSMSSegmentation
OTB,OTB_APP,RefineSensorModel,RefineSensorModel
OTB,OTB_APP,PantexTextureExtraction,PantexTextureExtraction
OTB,OTB_APP,GenericRegionMerging,GenericRegionMerging
OTB,OTB_APP,VectorDataSetField,VectorDataSetField
OTB,OTB_APP,ConnectedComponentSegmentation,ConnectedComponentSegmentation
OTB,OTB_APP,SmallRegionsMerging,SmallRegionsMerging
OTB,OTB_APP,VectorDataReprojection,VectorDataReprojection
OTB,OTB_APP,HaralickTextureExtraction,HaralickTextureExtraction
OTB,OTB_APP,SOMClassification,SOMClassification
OTB,OTB_APP,KMeansClassification,KMeansClassification
OTB,OTB_APP,VectorDataTransform,VectorDataTransform
OTB,OTB_APP,BinaryMorphologicalOperation,BinaryMorphologicalOperation
OTB,OTB_APP,ClassificationMapRegularization,ClassificationMapRegularization
OTB,OTB_APP,SARDecompositions,SARDecompositions
OTB,OTB_APP,SampleSelection,SampleSelection
OTB,OTB_APP,GrayScaleMorphologicalOperation,GrayScaleMorphologicalOperation
OTB,OTB_APP,PolygonClassStatistics,PolygonClassStatistics
OTB,OTB_APP,ObjectsRadiometricStatistics,ObjectsRadiometricStatistics
OTB,OTB_APP,HooverCompareSegmentation,HooverCompareSegmentation
OTB,OTB_APP,GeneratePlyFile,GeneratePlyFile
OTB,OTB_APP,ResetMargin,ResetMargin
OTB,OTB_APP,DynamicConvert,DynamicConvert
OTB,OTB_APP,VectorRegression,VectorRegression
OTB,OTB_APP,ImageDimensionalityReduction,ImageDimensionalityReduction
OTB,OTB_APP,EndmemberNumberEstimation,EndmemberNumberEstimation
OTB,OTB_APP,Synthetize,Synthetize
OTB,OTB_APP,SARPolarSynth,SARPolarSynth
OTB,OTB_APP,ColorMapping,ColorMapping
OTB,OTB_APP,TrainVectorClassifier,TrainVectorClassifier
OTB,OTB_APP,CompareImages,CompareImages
OTB,OTB_APP,PixelValue,PixelValue
OTB,OTB_APP,SampleAugmentation,SampleAugmentation
OTB,OTB_APP,ImageRegression,ImageRegression
OTB,OTB_APP,DomainTransform,DomainTransform
OTB,OTB_APP,TrainDimensionalityReduction,TrainDimensionalityReduction
OTB,OTB_APP,Pansharpening,Pansharpening
OTB,OTB_APP,ComputeImagesStatistics,ComputeImagesStatistics
OTB,OTB_APP,MultiImageSamplingRate,MultiImageSamplingRate
OTB,OTB_APP,MultivariateAlterationDetector,MultivariateAlterationDetector
OTB,OTB_APP,TrainVectorRegression,TrainVectorRegression
OTB,OTB_APP,MultitempFilteringFilter,MultitempFilteringFilter
OTB,OTB_APP,MorphologicalProfilesAnalysis,MorphologicalProfilesAnalysis
OTB,OTB_APP,ComputeModulusAndPhase,ComputeModulusAndPhase
OTB,OTB_APP,OGRLayerClassifier,OGRLayerClassifier
OTB,OTB_APP,MeanShiftSmoothing,MeanShiftSmoothing
OTB,OTB_APP,LSMSSmallRegionsMerging,LSMSSmallRegionsMerging
OTB,OTB_APP,SampleExtraction,SampleExtraction
OTB,OTB_APP,SARCalibration,SARCalibration
OTB,OTB_APP,TrainImagesRegression,TrainImagesRegression
OTB,OTB_APP,ComputeConfusionMatrix,ComputeConfusionMatrix
OTB,OTB_APP,RadiometricIndices,RadiometricIndices
OTB,OTB_APP,ExtractROI,ExtractROI
OTB,OTB_APP,VectorDimensionalityReduction,VectorDimensionalityReduction
OTB,OTB_APP,Quicklook,Quicklook
OTB,OTB_APP,ImageClassifier,ImageClassifier
OTB,OTB_APP,TrainImagesClassifier,TrainImagesClassifier
OTB,OTB_APP,TrainRegression,TrainRegression
OTB,OTB_APP,LSMSVectorization,LSMSVectorization
OTB,OTB_APP,ComputeOGRLayersFeaturesStatistics,ComputeOGRLayersFeaturesStatistics
